country,code,reg,gdp,gini,pop,delta.pop,int.migrant,urb,delta.urb,emp.ratio,slums,pop.density,largest.city,sanitation,water,million,tb,urb.pov,electric,pollution,urban.pov.hc,primary,health.exp,tb.cure,case.d,diarrhea.trt,imm.dpt,mat.mort,nurse.mw,beds,ari,lmic
Afghanistan,AFG,EMR,561.7787,NA,34656032,33.84,1.18,27.13,3.9,48.05,62.7,53.08,51.49,45.1,78.2,13.97,189,27.6,98.7,48.01676,27.6,NA,63.87641,87,58,40.7,65,1291,0.36,0.5,61.5,Low income
Angola,AGO,AFR,3110.808,NA,28813463,42.2,0.43,44.82,7.88,63.81,55.5,23.11,44.43,88.6,75.4,24.55,370,NA,51,36.39543,NA,84.01231,23.96155,34,64,NA,64,NA,NA,NA,NA,Lower middle income
Argentina,ARG,AMR,12449.22,42.7,43847430,10.84,4.81,91.89,1.63,57.02,16.7,16.02,38.06,96.2,99,43.94,25,13.6,NA,13.44397,4.7,99.34679,30.72721,52,87,59.1,92,32.4,NA,4.7,94.3,Upper middle income
Armenia,ARM,EUR,3606.152,32.4,2924816,-1.14,6.34,62.56,-1.59,52.9,14.4,102.73,56.85,96.2,100,35.57,41,NA,100,25.50769,30,96.07425,53.51334,78,89,NA,94,19,4.994,3.9,56.8,Lower middle income
Bangladesh,BGD,SEA,1358.78,NA,163000000,12.1,0.88,35.04,7.52,59.68,55.1,1251.84,31.94,57.7,86.5,14.66,225,NA,90.7,89.39291,21.3,90.50861,66.97587,93,57,66.1,97,210,0.213,0.6,42,Lower middle income
Belize,BLZ,AMR,4810.566,NA,366954,26.21,14.99,43.85,-2.2,62.22,10.8,16.09,NA,93.5,98.9,NA,25,4.7,100,27.04049,NA,96.14116,23.00839,35,87,42.5,95,45,1.959,1.1,82.2,Upper middle income
Benin,BEN,AFR,789.4404,47.8,10872298,32.32,2.26,44.4,4.06,70.96,61.5,96.42,16.69,35.6,85.2,NA,60,30,57.59497,35.16237,31.4,95.86662,39.09984,89,61,32.5,82,350,0.604,0.5,23.3,Low income
Bolivia,BOL,AMR,3104.956,45.8,10887882,17.28,1.33,68.91,4.26,70.51,43.5,10.05,29.07,60.8,96.7,48.57,117,NA,99.31084,27.9714,30.6,88.48272,23.10754,83,62,NA,99,NA,1.006,1.1,61.6,Lower middle income
Brazil,BRA,AMR,8649.948,51.3,208000000,9.86,0.34,85.93,2.79,59.29,22.3,24.84,11.93,88,100,40.05,41,NA,99.94555,11.36829,NA,92.69713,25.46993,71,87,NA,86,58.2,7.444,2.3,NA,Upper middle income
Burkina Faso,BFA,AFR,649.7305,35.3,18646433,34.83,3.89,30.69,8.35,80.94,65.8,68.15,51.09,50.4,97.5,15.68,52,NA,58,40.03948,13.7,69.09631,39.09089,81,60,32.6,91,341,0.63,0.4,56,Low income
Burundi,BDI,AFR,285.7274,39.2,10524117,37.12,2.57,12.36,2.74,82.34,57.9,409.82,61.29,43.8,91.1,NA,122,NA,52.1,45.53411,27.6,94.14828,21.02226,91,51,42.5,94,500,NA,1.9,54.7,Low income
Cambodia,KHM,WPR,1269.907,NA,15762370,16.98,0.47,20.95,1.65,80.74,55.1,89.3,53.88,88.1,100,11.28,380,NA,96.9,29.0389,6.4,94.92511,74.19198,93,59,51.6,90,170,0.956,0.7,68.8,Lower middle income
Cameroon,CMR,AFR,1032.649,46.5,23439189,30.95,1.64,54.94,5.8,72.66,37.8,49.58,24.88,61.8,94.8,26.68,212,27.6,86.51655,66.42837,8.9,91.98906,66.31245,84,53,39.3,85,782,0.52,1.3,28.1,Lower middle income
Central African Republic,CAF,AFR,382.2132,NA,4594621,9.35,1.67,40.33,2.15,72.7,93.3,7.38,43.59,43.6,89.6,NA,391,NA,26.31763,46.4684,NA,70.55846,46.2236,70,55,37.5,47,NA,NA,1,29.8,Low income
Chad,TCD,AFR,664.2957,43.3,14452543,38.68,3.68,22.62,0.78,67.45,88.2,11.48,40.08,31.4,71.8,9.07,152,31.4,20.15077,46.05859,20.9,79.08415,39.15064,68,54,28.9,46,860,0.309,NA,25.8,Low income
China,CHN,WPR,8123.181,42.2,1380000000,5.16,0.07,56.78,12.91,67.51,25.2,146.85,3.13,86.6,97.5,25.16,67,13.7,100,58.3766,NA,NA,31.98709,94,87,NA,99,23.2,1.85,3.8,NA,Upper middle income
Colombia,COL,AMR,5805.605,51.1,48653419,10.99,0.28,76.71,2.83,61.83,13.1,43.85,26.71,85.2,96.8,43.12,31,NA,99.83837,17.99814,24.1,90.60457,15.35502,76,80,52,91,71.22,0.656,1.5,65.3,Upper middle income
Comoros,COM,AFR,775.0801,45,795601,27.01,1.59,28.41,0.56,46.05,69.6,427.51,NA,48.3,92.6,NA,35,NA,96.10342,17.07934,NA,79.46213,45.06058,94,56,53.9,91,172,NA,NA,39.3,Low income
"Congo, Dem. Rep.",COD,AFR,444.5053,42.1,78736153,39.25,0.71,43.02,5.05,68.54,74.8,34.73,35.64,28.5,81.1,23.58,324,NA,42,46.32238,NA,NA,38.76896,89,48,39.9,79,850,NA,NA,41.6,Low income
"Congo, Rep.",COG,AFR,1528.245,48.9,5125821,33.4,8.51,65.8,4.36,62.02,46.9,15.01,57.8,20,95.8,38.03,379,NA,60.83625,53.00898,NA,91.38398,17.51203,69,57,48.4,80,426,0.824,NA,52.1,Lower middle income
Costa Rica,CRI,AMR,11824.64,48.2,4857274,12.73,8.77,77.68,10.74,56.06,5.5,95.13,31.35,95.2,99.6,24.35,11,NA,99.7048,20.11775,19.4,96.4191,24.86704,89,80,69.6,97,23.1,0.796,1.2,77.2,Upper middle income
Cote d'Ivoire,CIV,AFR,1526.197,41.7,23695919,26.72,9.58,54.87,7.37,60.75,56,74.52,38.61,32.8,93.1,21.18,159,3.7,83.95618,23.53444,35.9,79.25447,50.81175,79,62,36.3,85,614,0.483,NA,38.2,Lower middle income
Djibouti,DJI,EMR,1862.167,44.1,942333,18.35,12.65,77.43,0.62,48.97,65.6,40.65,73.39,59.8,97.4,NA,378,NA,57.41176,51.50224,NA,53.49516,35.8414,81,80,NA,84,380,0.557,1.4,NA,Lower middle income
Dominican Republic,DOM,AMR,6722.224,44.9,10648791,13.63,3.95,79.84,11.14,55.93,12.1,220.43,35.52,86.2,85.4,28.36,60,NA,99.85991,20.41797,36.3,86.88507,21.14269,83,71,52,87,110,1.334,1.7,73.4,Upper middle income
Ecuador,ECU,AMR,5968.984,46.5,16385068,17.31,2.4,63.98,2.07,60.82,36,65.97,26.29,87,93.4,27.53,52,30.6,99.83164,12.84155,16.4,91.90774,48.42599,77,60,NA,83,45.7,2.084,1.6,NA,Upper middle income
"Egypt, Arab Rep.",EGY,EMR,3514.49,31.8,95688681,22.43,0.54,43.22,0.15,43.62,10.6,96.13,46.25,96.8,100,25.07,15,NA,99.9,104.6667,15.3,98.0285,55.66365,84,59,21.9,95,52,1.434,0.5,67.7,Lower middle income
Equatorial Guinea,GNQ,AFR,8333.238,NA,1221490,54.19,1.28,40.1,1.2,76,66.2,43.55,NA,79.9,72.5,NA,172,NA,100,47.11721,NA,55.69242,20.14595,58,86,52.5,19,310,NA,2.1,54.3,Upper middle income
Ethiopia,ETH,AFR,706.7578,NA,102000000,29.87,1.08,19.92,4.02,78.24,73.9,102.4,16.26,27.2,93.1,3.24,192,NA,91.98252,35.73815,25.7,85.58775,32.26457,89,71,25.1,77,676,0.236,6.3,27,Low income
Gabon,GAB,AFR,7179.341,NA,1979786,37.02,15.56,87.37,3.41,40.11,37,7.68,41.63,43.4,97.2,NA,465,1.8,96.5941,39.8605,NA,NA,21.87125,58,71,51.9,75,316,NA,6.3,54,Upper middle income
"Gambia, The",GMB,AFR,473.1904,NA,2038501,36.72,9.67,60.22,7.04,54.34,34.8,201.43,42.25,61.5,94.2,NA,174,NA,70.99696,60.94815,32.7,74.78043,17.04868,88,73,50.8,95,433,0.568,1.1,68,Low income
Ghana,GHA,AFR,1513.461,42.2,28206728,27.55,1.46,54.68,6.69,72.65,37.9,123.96,17.62,20.2,92.6,17.84,160,NA,90.8,22.98826,10.6,87.41091,26.84233,85,33,41.5,93,NA,0.926,0.9,52.6,Lower middle income
Guatemala,GTM,AMR,4146.744,48.7,16582469,23.78,0.47,52.03,4.44,60.24,34.5,154.75,34.71,77.5,98.4,18.06,25,NA,94.46314,34.84768,42.16232,85.45007,52.21633,85,80,56.4,80,140,NA,0.6,52,Lower middle income
Guinea,GIN,AFR,508.1451,33.7,12395924,25.45,1.81,37.65,4.46,76.66,43.3,50.45,42.61,34.1,92.7,16.04,177,NA,68.51414,22.63592,35.4,75.65523,45.32854,83,55,39.9,57,724,NA,0.3,37.3,Low income
Guinea-Bissau,GNB,AFR,620.2148,NA,1815698,28.53,1.21,50.09,8.37,68.06,82.3,64.57,56.24,33.5,98.8,NA,373,NA,33.1,32.98648,51,68.23333,49.48848,81,31,54.6,87,900,0.551,NA,34.3,Low income
Guyana,GUY,AMR,4456.554,NA,773303,3.16,2.01,28.66,0.4,52.69,33.1,3.93,NA,87.9,98.2,NA,93,12.4,94.4,17.39224,NA,81.36664,37.43756,69,80,28.9,97,NA,0.53,NA,83.6,Upper middle income
Haiti,HTI,AMR,739.5954,40.9,10847334,15.28,0.37,59.79,14.04,57.75,74.4,393.59,38.66,33.6,64.9,23.11,194,NA,53.3141,25.83766,40.6,NA,34.81659,78,79,56.7,58,NA,NA,NA,37.9,Low income
Honduras,HND,AMR,2361.158,50.1,9112867,20.84,0.35,55.32,6.16,61.63,27.5,81.44,22.73,86.7,97.4,12.57,43,35.9,98.76235,37.59005,61,93.03652,43.46306,89,83,60.6,97,73,NA,0.7,63.9,Lower middle income
India,IND,SEA,1709.388,35.2,1320000000,13.96,0.4,33.14,3.57,51.91,24,445.37,6.03,62.6,97.1,14.89,217,8.9,98.26936,74.32985,13.7,92.25846,62.41736,74,59,NA,88,170,2.049,0.7,76.9,Lower middle income
Indonesia,IDN,SEA,3570.295,39.5,261000000,13.61,0.13,54.47,7.73,63.56,21.8,144.14,7.37,72.3,94.2,10.63,395,NA,99.74,15.4082,8.3,89.7373,46.8652,84,32,61,79,313,1.365,0.9,75.3,Lower middle income
Iraq,IRQ,EMR,4609.601,29.5,37202572,34.32,0.97,69.59,0.77,35.73,47.2,85.66,26.31,86.4,93.8,31.83,43,NA,99.98797,51.99596,14.8,NA,39.73234,92,52,25.7,63,35,1.81,1.3,74.4,Upper middle income
Jordan,JOR,EMR,4087.938,NA,9455802,59.34,40.98,83.91,2.46,34.75,12.9,106.51,14.61,98.6,97.8,12.26,7,24.1,100,38.79814,13.9,89.19845,20.86927,88,80,34.4,98,NA,2.857,1.8,77.2,Lower middle income
Algeria,DZA,AFR,3843.752,NA,40606052,20.21,0.61,71.3,6.71,38.9,NA,17.05,9.09,89.8,84.3,6.48,75,NA,100,35.56453,5.8,97.06215,26.4975,88,80,41.7,91,NA,1.947,NA,66.4,Upper middle income
Botswana,BWA,AFR,6788.043,NA,2250260,19.43,7.1,57.71,2.4,63.23,NA,3.97,NA,78.5,99.2,NA,356,NA,70.67563,17.53939,NA,91.02086,5.188471,77,62,NA,95,160,2.727,1.8,NA,Upper middle income
Cabo Verde,CPV,AFR,2997.753,NA,539560,12.22,2.87,66.19,7.66,61.36,NA,133.89,NA,81.6,94,NA,139,19.4,96.14255,39.55603,NA,97.12462,22.24205,92,37,NA,96,9.6,0.563,2.1,NA,Lower middle income
Eritrea,ERI,AFR,582.7755,NA,4474690,10.03,0.33,20.95,1.76,77.79,NA,44.3,NA,44.5,73.2,NA,65,NA,100,43.49048,NA,38.95043,54.24416,91,61,56.8,95,490,NA,0.7,44.8,Low income
Mauritius,MUS,AFR,9627.596,35.8,1263473,2.39,2.25,39.55,-1.86,55.73,NA,622.4,NA,93.9,99.9,NA,22,NA,100,14.95405,NA,96.14531,46.42233,90,46,NA,96,NA,NA,3.4,NA,Upper middle income
Seychelles,SYC,AFR,15075.72,46.8,94677,11.91,13.26,54.21,2.93,NA,NA,205.82,NA,98.4,95.7,NA,9.5,NA,100,13.21492,NA,94.90045,2.338737,69,87,NA,96,NA,4.433,3.6,NA,High income
Kenya,KEN,AFR,1455.36,NA,48461567,30.79,2.35,26.06,4.01,59.84,56,85.15,32.23,31.2,81.6,10.75,233,NA,68.4,16.2988,NA,84.87439,26.10559,87,76,45.1,89,362,0.868,1.4,65.7,Lower middle income
Lao PDR,LAO,WPR,2353.153,36.4,6758353,15.54,0.33,39.65,11.12,76.46,31.4,29.28,39.17,94.5,85.6,NA,182,NA,94.70603,32.56943,10,92.71189,38.97979,86,37,57.4,82,360,0.862,1.5,54.4,Lower middle income
Lesotho,LSO,AFR,998.1344,NA,2203821,12.12,0.31,27.84,5.02,48.41,50.8,72.59,NA,37.3,94.6,NA,788,NA,61.5,24.70117,39.6,80.16474,16.48061,70,45,61.4,93,1024,NA,NA,63.1,Lower middle income
Liberia,LBR,AFR,455.3707,33.2,4613823,36.67,2.53,50.1,3.7,58.53,65.7,47.9,56.48,28,88.6,28.29,308,NA,16.78026,7.851815,NA,37.61393,30.73108,74,42,46.4,79,1100,0.274,0.8,50.7,Low income
Madagascar,MDG,AFR,401.3189,42.7,24894551,31.85,0.13,35.74,6.32,84.57,77.2,42.79,30.78,18,81.6,11,236,NA,28.51724,19.67682,NA,NA,41.36157,83,52,NA,77,480,0.218,0.2,40.5,Low income
Malawi,MWI,AFR,300.7948,NA,18091575,34.72,1.25,16.45,1.31,75.6,66.7,191.89,31.75,47.3,95.7,NA,193,NA,46.1,25.72703,17.3,NA,10.63513,85,47,56.7,84,570,0.283,1.3,74.4,Low income
Mali,MLI,AFR,780.5071,NA,17994837,36.05,2.06,40.68,7.85,60.95,56.3,14.75,36.21,37.5,96.5,14.73,57,36.3,51.33239,44.0063,NA,55.7207,47.65663,73,60,34.4,68,368,0.443,0.1,31.2,Low income
Mauritania,MRT,AFR,1077.556,32.4,4301018,33.54,3.4,60.45,6.58,41.79,79.9,4.17,38.09,57.5,58.4,NA,107,5.8,76.9,85.08515,NA,79.20634,43.84634,70,54,33.7,73,630,0.667074,NA,43.1,Lower middle income
Mexico,MEX,AMR,8201.306,48.2,128000000,15.85,0.94,79.52,2.9,59.74,11.1,65.61,20.86,88,97.2,37.79,21,16.4,99.63725,20.23982,50.5,95.0583,43.99573,80,81,NA,97,38.2,2.509,1.5,NA,Upper middle income
Mongolia,MNG,WPR,3686.452,32,3027398,18.35,0.6,72.82,9.29,58.54,42.7,1.95,64.44,66.4,66.4,46.92,428,15.3,99.59716,23.59318,18.8,96.51207,41.63445,86,37,82.5,99,50.8,3.676,6.8,70.3,Lower middle income
Morocco,MAR,EMR,2832.43,NA,35276786,14.28,0.26,60.69,5.05,44.41,13.1,79.04,16.56,84.1,98.7,22.43,107,NA,95.2,22.99104,NA,98.42964,58.41087,86,83,NA,99,110,0.872,0.9,71.1,Lower middle income
Mozambique,MOZ,AFR,382.0693,NA,28829476,33.8,0.8,32.51,2.33,59.8,80.3,36.66,12.84,42.4,80.6,4.17,551,NA,53.72737,19.53857,NA,89.13281,9.476388,89,38,55.7,80,443,0.401,0.7,50.2,Low income
Myanmar,MMR,SEA,1275.018,38.1,52885223,8.27,0.14,34.65,5.26,77.21,41,80.98,26.76,84.3,92.7,13.51,365,NA,85.5,54.38812,NA,94.52788,50.68924,87,70,50.3,90,NA,0.93,NA,NA,Lower middle income
Namibia,NAM,AFR,4140.462,NA,2479713,20.62,3.82,47.63,10.02,44.47,33.2,3.01,32.2,54.5,98.2,NA,489,25.7,83.1823,21.4446,NA,89.7437,7.166471,87,80,52,92,358,2.775,NA,67.7,Upper middle income
Nepal,NPL,SEA,729.5325,NA,28982771,11.73,1.82,19,3.5,80.34,54.3,202.18,22.23,56,90.9,4.22,156,NA,97.7,74.99781,15.5,96.96362,47.65268,92,75,45.9,87,NA,NA,NA,50.1,Low income
Niger,NER,AFR,363.227,34,20672987,46.28,0.95,19.01,2.15,62.98,70.1,16.32,28.63,37.9,100,5.44,95,26.2,53.48348,62.74462,18.6,62.40561,34.33143,79,55,43,67,535,0.137,NA,53.1,Low income
Antigua and Barbuda,ATG,AMR,14353.38,NA,100963,11.81,30.59,23.39,-5.21,NA,NA,229.46,NA,91.4,97.9,NA,7.5,NA,85.29571,13.8876,NA,87.04613,23.69378,67,NA,NA,99,NA,NA,2.1,NA,High income
Aruba,ABW,AMR,25324.72,NA,104822,3.96,34.76,41.3,-3.21,NA,NA,582.34,NA,97.7,98.1,NA,12,NA,86.75979,NA,NA,99.24994,NA,NA,87,NA,NA,NA,NA,NA,NA,High income
"Bahamas, The",BHS,AMR,23124.39,NA,391232,16.5,15.28,82.95,0.62,62.75,NA,39.08,NA,92,98.4,NA,18,NA,100,13.71948,NA,97.52022,29.22547,84,87,NA,94,40,NA,2.9,NA,High income
Barbados,BRB,AMR,16096.89,NA,284996,3.62,12.13,31.42,-1.35,58.49,NA,662.78,NA,96.2,99.7,NA,0,NA,100,15.38939,NA,91.02247,29.86859,100,87,NA,97,60.2,4.856,6.2,NA,High income
Bermuda,BMU,AMR,85748.07,NA,65331,1.25,30.85,100,0,NA,NA,1306.62,NA,NA,NA,NA,0,NA,100,8.689651,NA,83.45787,NA,100,87,NA,NA,NA,NA,NA,NA,High income
British Virgin Islands,VGB,AMR,NA,NA,30661,28.26,57.47,46.5,3.04,NA,NA,204.41,NA,97.5,NA,NA,0,NA,NA,NA,NA,NA,NA,100,87,NA,NA,NA,NA,NA,NA,High income
Canada,CAN,AMR,42157.93,34,36286425,11.41,21.8,82.01,1.79,60.78,NA,3.99,20.44,100,100,45.83,5.1,10.6,100,7.178848,NA,99.45674,13.60086,82,90,NA,91,11,9.501,2.7,NA,High income
Cayman Islands,CYM,AMR,NA,NA,60765,21.45,39.57,100,0,NA,NA,253.19,NA,95.6,97.4,NA,13,NA,100,NA,NA,NA,NA,80,87,NA,NA,NA,NA,NA,NA,High income
Chile,CHL,AMR,13792.93,47.7,17909754,9.74,2.62,89.7,2.01,58.34,NA,24.09,40.74,100,99.7,36.54,16,35.4,100,20.94196,12.4,94.32461,31.51926,58,87,NA,95,17.2,NA,2.1,NA,High income
Cuba,CUB,AMR,7602.261,NA,11475982,1.59,0.12,77.18,0.96,53.79,NA,110.32,24.04,94.4,96.4,18.55,7,32.7,100,17.9857,NA,92.15363,4.386895,82,87,43.3,99,35.1,7.976,5.3,92.6,Upper middle income
Curacao,CUW,AMR,NA,NA,159999,13.28,23.93,89.24,-1.17,NA,NA,360.36,NA,NA,NA,NA,3.7,51,100,NA,NA,NA,NA,NA,87,NA,NA,NA,NA,NA,NA,High income
Dominica,DMA,AMR,7144.455,NA,73543,3.86,9.25,69.82,2.92,NA,NA,98.06,NA,NA,95.7,NA,11,NA,NA,13.55937,NA,NA,28.34174,100,87,NA,99,110,NA,3.8,NA,Upper middle income
El Salvador,SLV,AMR,4223.585,40.8,6344722,4.76,0.69,67.19,5,58.96,NA,306.21,25.84,82.4,97.5,17.36,43,NA,97.78821,37.00479,28.5,91.24263,28.84781,91,92,72,93,38,0.405,1.1,80,Lower middle income
Grenada,GRD,AMR,9469.219,NA,107317,3.93,6.61,35.62,-0.25,NA,NA,315.64,NA,97.5,99,NA,5.4,NA,NA,15.14024,NA,95.73443,50.92679,100,87,NA,96,60.3,NA,3.5,NA,Upper middle income
Jamaica,JAM,AMR,4868.248,NA,2881355,4.39,0.83,55.03,2.03,56.45,NA,266.05,37.16,79.9,97.5,NA,4.6,NA,94.67957,16.99207,NA,NA,27.81458,18,80,43.3,99,81.3,NA,1.7,82.3,Upper middle income
Nicaragua,NIC,AMR,2151.382,46.6,6149928,12.84,0.66,59.11,2.93,60.64,NA,51.1,26.5,76.5,99.3,NA,51,42.2,98.40681,27.38197,14.8,96.9525,37.54053,85,80,NA,98,50.8,1.384,0.9,NA,Lower middle income
Paraguay,PRY,AMR,4080.205,48,6725308,14.32,2.36,59.92,2.35,67.68,NA,16.93,59.69,95.5,100,35.77,41,NA,99.83194,14.85332,NA,88.54507,49.42423,71,87,NA,93,96.3,1.049,1.3,NA,Upper middle income
Puerto Rico,PRI,AMR,28703.75,NA,3411307,-10.35,7.47,93.57,-0.49,37.1,NA,384.59,77.08,99.3,NA,72.12,1.6,NA,100,17.84794,NA,82.04916,NA,66,87,NA,NA,NA,NA,NA,NA,High income
Sint Maarten (Dutch part),SXM,AMR,NA,NA,40005,4.53,70.45,100,0,NA,NA,1176.62,NA,NA,NA,NA,5.9,NA,100,NA,NA,NA,NA,100,87,NA,NA,NA,NA,NA,NA,High income
St. Kitts and Nevis,KNA,AMR,16725.28,NA,54821,11.4,13.39,32.15,0.19,NA,NA,210.85,NA,NA,98.3,NA,5.1,61,100,NA,NA,78.35472,50.76665,NA,87,NA,97,310,NA,2.3,NA,High income
St. Lucia,LCA,AMR,7744.445,NA,178015,7.62,6.9,18.54,-3.53,55.87,NA,291.83,NA,84.7,99.5,NA,8.8,NA,100,14.0093,NA,NA,45.57009,100,86,NA,95,NA,NA,1.6,NA,Upper middle income
St. Martin (French part),MAF,AMR,NA,NA,31949,12.44,NA,NA,0,NA,NA,587.3,NA,NA,NA,NA,NA,40.6,100,NA,NA,NA,NA,NA,NA,NA,NA,NA,NA,NA,NA,High income
St. Vincent and the Grenadines,VCT,AMR,7030.057,NA,109643,0.68,4.18,50.9,3.55,53.89,NA,281.14,NA,NA,95.1,NA,7.4,NA,100,14.25163,NA,93.93153,49.1877,41,87,NA,98,53.5,NA,5.2,NA,Upper middle income
Trinidad and Tobago,TTO,AMR,15377.1,NA,1364962,4.74,3.67,8.35,-1.38,60.33,NA,266.07,NA,91.5,95.1,NA,17,8.3,100,14.19017,NA,95.23794,37.98364,64,87,NA,97,NA,3.562,2.7,NA,High income
Turks and Caicos Islands,TCA,AMR,NA,NA,34900,26.26,34.04,92.5,4.22,NA,NA,36.74,NA,NA,NA,NA,6.7,NA,94.54126,NA,NA,NA,NA,0,87,NA,NA,NA,NA,NA,NA,High income
United States,USA,AMR,57466.79,41,323000000,8.29,14.49,81.79,1.69,58.94,NA,35.32,7.04,100,99.4,45.41,3.2,13.7,100,8.441199,NA,93.75419,11.04644,85,87,NA,95,28,NA,2.9,NA,High income
Uruguay,URY,AMR,15220.57,41.7,3444006,3.39,2.09,95.46,1.91,60.06,NA,19.68,52.2,96.6,100,49.83,30,NA,99.77807,11.48844,10.1,94.21768,15.57684,75,87,NA,95,10,5.548,2.5,NA,High income
"Venezuela, RB",VEN,AMR,12237.22,NA,31568179,15.89,4.51,89.04,0.44,60.27,NA,35.79,10.4,97.5,95,28.95,29,NA,99.9868,23.75585,NA,89.85675,64.33365,80,80,NA,84,72.2,NA,0.9,NA,Upper middle income
Virgin Islands (U.S.),VIR,AMR,36350.82,NA,102951,-4.41,53.36,95.46,1.6,55.72,NA,294.15,NA,96.4,100,NA,7.7,14.8,100,16.34224,NA,NA,NA,NA,NA,NA,NA,NA,NA,NA,NA,High income
Nigeria,NGA,AFR,2177.985,NA,186000000,30.41,0.66,48.6,8.65,53.6,50.2,204.21,15.11,32.8,80.8,15.81,322,NA,78.39011,37.95729,NA,63.8372,71.66871,87,15,29.2,49,576,1.605,NA,34.5,Lower middle income
Pakistan,PAK,EMR,1468.193,30.7,193000000,22.99,1.92,39.22,4.14,50.92,45.5,250.63,22.59,83.1,93.9,22.11,270,NA,100,64.95376,18.24,73.84532,56.28251,93,63,35.8,72,NA,0.604,0.6,64.4,Lower middle income
Panama,PAN,AMR,13680.24,51,4034119,18.93,4.7,66.9,2.94,61.6,25.8,54.27,63.3,83.5,97.7,42.34,50,NA,100,13.19621,NA,93.40181,22.26752,79,80,52.7,73,80.5,2.33,2.2,81.6,Upper middle income
Peru,PER,AMR,6045.65,44.3,31773839,13.68,0.29,78.92,3.5,70.58,34.2,24.82,40.17,82.5,91.4,31.7,119,NA,98.88089,27.82335,15.3,94.08172,28.61904,87,80,57,89,157,1.493,1.5,60.4,Upper middle income
Philippines,PHL,WPR,2951.072,40.1,103000000,17.66,0.21,44.29,-2.04,60.93,38.3,346.51,28.7,77.9,93.7,14.32,322,13.9,97.3342,23.48713,13.03002,95.9844,53.68514,92,85,52.5,86,220,NA,1,63.8,Lower middle income
Rwanda,RWA,AFR,702.8356,50.4,11917508,29.45,3.8,29.78,9.61,82.73,53.2,483.08,36.45,58.5,86.6,10.85,56,NA,71.8,49.71362,22.1,95.09565,28.13008,86,84,19.5,98,253,0.678,NA,53.9,Low income
Sao Tome and Principe,STP,AFR,1756.061,NA,199910,25.47,1.26,65.65,6.8,52.36,86.6,208.24,NA,40.8,98.9,NA,97,1.3,75.8,13.88674,NA,94.91071,11.19155,74,96,61.7,96,74,NA,2.9,68.9,Lower middle income
Senegal,SEN,AFR,958.0737,40.3,15411614,33.36,1.74,44.07,2.75,51.82,39.4,80.05,53.79,65.4,92.9,23.7,139,NA,85,37.57021,33.1,71.44651,37.28441,87,63,48.6,93,430,0.42,NA,42.2,Low income
Sierra Leone,SLE,AFR,496.0495,34,7396190,26.46,1.41,40.32,3.22,64.83,75.6,102.47,34.51,22.8,84.9,13.91,307,29.3,31.55575,19.29961,31.2,99.11538,60.95902,85,60,57.6,84,1200,0.319,NA,71.7,Low income
Somalia,SOM,EMR,434.2088,NA,14317996,33.58,0.23,40.03,4.47,50.68,73.6,22.82,39.52,52,69.6,15.82,274,NA,31.31462,19.83625,NA,NA,NA,86,47,NA,42,NA,0.078,NA,NA,Low income
South Africa,ZAF,AFR,5273.594,63.4,55908865,15.91,5.77,65.3,5.22,39.47,23,46.09,26.34,69.6,99.6,37.03,834,NA,94.06103,29.62863,NA,NA,6.491224,78,63,NA,66,200,5.113,NA,NA,Upper middle income
South Sudan,SSD,AFR,758.7206,NA,12230730,44.43,6.68,19.03,1.74,NA,95.6,NA,14.45,16.4,66.7,NA,146,NA,8.390633,32.43741,NA,30.93833,54.15003,71,54,23,26,NA,NA,NA,47.6,Low income
Bahrain,BHR,EMR,22354.17,NA,1425171,48.7,51.13,88.84,0.42,67.96,NA,1848.47,33.57,99.2,100,NA,18,NA,100,55.45435,NA,96.4285,23.33848,44,87,NA,99,NA,2.445,2.1,NA,High income
"Iran, Islamic Rep.",IRN,EMR,4957.581,38.8,80277428,12.71,3.45,73.88,5.64,39.65,NA,49.29,14.36,92.8,97.7,26.37,16,NA,100,42.98979,NA,99.16791,47.80212,87,80,68.93,99,NA,1.551,0.1,75.9,Upper middle income
Kuwait,KWT,EMR,28975.4,NA,4052584,70.47,73.64,98.36,0.16,67.06,NA,227.42,72.1,100,99,70.92,22,10,100,67.43349,NA,92.87294,12.73601,97,87,NA,99,1.7,4.729,2.2,NA,High income
Lebanon,LBN,EMR,7914.005,31.8,6006668,48.04,34.15,87.91,1.21,43.96,NA,587.16,42.85,80.7,99,37.67,13,NA,100,32.60159,NA,81.77372,36.41711,76,87,NA,81,NA,2.562,3.5,NA,Upper middle income
Libya,LBY,EMR,5602.549,NA,6293253,7,12.28,78.75,1.72,42.9,NA,3.58,22.76,96.8,NA,17.93,40,55.1,100,79.20021,NA,NA,26.46152,57,39,NA,97,NA,6.905,3.7,NA,Upper middle income
Oman,OMN,EMR,14982.36,NA,4424762,71.3,41.09,78.09,5.12,57.07,NA,14.3,25.05,97.3,95.5,NA,8.4,NA,100,53.2812,NA,94.5264,5.781156,96,87,45.7,99,12.3,3.345,1.7,56.3,High income
Qatar,QAT,EMR,59330.86,NA,2569804,154.34,75.5,99.32,1.56,83.87,NA,221.34,28.77,98,100,NA,34,NA,100,107.3089,NA,92.11397,6.861077,85,NA,68,98,12.9,5.7,1.2,NA,High income
Saudi Arabia,SAU,EMR,20028.65,NA,32275687,31.32,32.29,83.33,2.13,51.5,NA,15.01,24.32,100,97,46.13,12,NA,100,106.1617,NA,97.59739,14.30892,62,87,NA,98,NA,5.207,2.1,NA,High income
United Arab Emirates,ARE,EMR,37622.21,NA,9269612,76.83,88.4,85.8,3.16,76.54,NA,110.88,31.48,98,99.6,54.1,1.6,2.1,100,64.29013,NA,93.375,17.80633,80,44,NA,99,NA,3.061,1.1,NA,High income
West Bank and Gaza,PSE,EMR,2943.405,NA,4551566,33.62,5.47,75.48,2.21,33.01,NA,756.07,18.68,93,50.7,NA,1.1,39.6,99.86671,20.6074,26.1,90.1797,NA,91,80,38.2,NA,NA,NA,NA,76.5,Lower middle income
Sudan,SDN,EMR,2415.038,NA,39578828,25.22,1.25,34.01,1.19,41.75,91.6,22.69,39.12,43.9,66,13.3,88,NA,76.3,50.04764,NA,53.78016,75.51893,82,53,59.3,93,220,1.157,0.8,48.3,Lower middle income
Suriname,SUR,AMR,6484.433,NA,558368,10.72,8.63,66.02,-0.6,49.02,7.3,3.58,NA,88.4,98.1,NA,33,NA,100,18.47176,NA,93.31307,11.39916,77,80,60.8,91,82.5,NA,3.1,75.8,Upper middle income
Albania,ALB,EUR,4146.896,29,2876101,-3.89,1.99,58.38,10.56,42.11,NA,104.97,27.57,95.5,94.9,NA,19,NA,100,17.93662,13.6,95.51731,49.93165,88,76,NA,98,5.8,NA,2.6,NA,Upper middle income
Andorra,AND,EUR,40215.44,NA,77281,-4.58,59.71,84.61,-5.23,NA,NA,164.43,NA,100,100,NA,6.5,NA,100,10.05994,NA,NA,15.9433,83,87,NA,98,NA,4.441,NA,NA,High income
Austria,AUT,EUR,44176.52,30.5,8747358,5.79,17.47,66.03,0.2,56.51,NA,106,30.52,100,100,20.15,7.6,NA,100,17.01299,NA,NA,16.14892,74,87,NA,87,NA,8.192,7.6,NA,High income
Azerbaijan,AZE,EUR,3876.936,NA,9762274,15.06,2.71,54.9,2.31,61.89,NA,118.1,45.33,91.6,94.7,24.89,69,4.8,100,30.35401,NA,94.14265,72.08214,83,81,62,97,14.9,6.351,4.7,NA,Upper middle income
Belarus,BLR,EUR,4989.255,26.7,9507120,-1.02,11.4,77.05,4.23,60.24,NA,46.85,26.28,94.1,99.9,20.25,55,NA,100,20.48379,3.7,95.3602,32.03152,88,72,61.2,98,0,10.903,11.3,93.4,Upper middle income
Belgium,BEL,EUR,41096.16,28.1,11348159,7.59,12.28,97.9,0.45,49.1,NA,374.77,18.55,99.5,100,18.16,9.4,8.2,100,15.63663,NA,98.94778,17.80521,81,87,NA,98,NA,10.078,6.5,NA,High income
Bosnia and Herzegovina,BIH,EUR,4708.718,33.8,3516816,-6.95,0.91,39.94,0.76,34.13,NA,68.69,22.48,98.9,99.7,NA,37,NA,100,47.40091,NA,NA,27.92932,77,77,54.6,78,9.2,5.593,3.5,87,Upper middle income
Bulgaria,BGR,EUR,7350.796,37.4,7127822,-6.23,1.43,74.27,3.33,49.79,NA,65.66,23.24,86.8,99.6,17.26,24,18.2,100,28.12871,NA,93.30484,44.1924,86,96,NA,92,12,4.865,6.4,NA,Upper middle income
Channel Islands,CHI,EUR,NA,NA,164541,5.87,50.28,31.58,0.77,52.81,NA,866.01,NA,NA,NA,NA,NA,50.5,100,NA,NA,NA,NA,NA,NA,NA,NA,NA,NA,NA,NA,High income
Croatia,HRV,EUR,12090.67,32.2,4170600,-6.07,13.6,59.28,2.68,45.13,NA,74.53,27.8,97.8,99.6,NA,13,NA,100,21.7804,NA,88.82807,11.20612,71,87,NA,93,5,6.141,5.89,NA,Upper middle income
Cyprus,CYP,EUR,23324.2,35.6,1170125,11.92,16.83,66.84,-1.29,56.57,NA,126.64,NA,100,100,NA,6.2,NA,100,18.28597,NA,97.36852,48.71379,59,87,NA,97,NA,3.908,3.5,NA,High income
Czech Republic,CZE,EUR,18266.55,25.9,10561633,3.15,3.84,72.98,-0.55,57,NA,136.79,17.18,99.1,100,12.54,5.2,18.9,100,21.40899,NA,NA,14.32592,76,93,NA,96,5.5,8.326,6.8,NA,High income
Denmark,DNK,EUR,53417.66,28.5,5731118,5.4,10.1,87.85,1.75,58.25,NA,135.61,25.45,99.6,100,22.36,6,NA,100,11.02259,NA,98.35107,13.35969,52,95,NA,94,NA,16.81,3.5,NA,High income
Estonia,EST,EUR,17574.69,34.6,1316481,-2.25,15.42,67.47,-1.14,57.65,NA,31.06,43.97,97.5,100,NA,18,NA,100,9.404689,NA,94.70196,20.71983,84,87,NA,93,7.1,5.971,5.3,NA,High income
Faroe Islands,FRO,EUR,53612.71,NA,49117,1.52,11.45,42.19,2.04,NA,NA,35.18,NA,NA,NA,NA,NA,7.9,100,NA,NA,NA,NA,NA,NA,NA,NA,NA,NA,NA,NA,High income
Finland,FIN,EUR,43090.25,26.8,5495096,4.35,5.74,84.36,1.32,53,NA,18.08,25.67,99.4,100,21.65,5.6,18.8,100,7.379236,NA,99.55969,18.23219,45,87,NA,92,NA,14.513,5.5,NA,High income
France,FRA,EUR,36854.97,32.3,66896109,5.15,12.09,79.75,2.37,49.44,NA,122.17,20.48,98.6,100,22.71,8.2,NA,100,12.36534,NA,98.84784,6.337408,NA,85,NA,97,NA,10.605,6.4,NA,High income
Georgia,GEO,EUR,3853.65,38.5,3719300,-10.07,4.22,53.83,1.3,59.65,NA,64.96,57.22,95.2,100,30.8,99,49.6,100,20.47632,NA,99.00432,58.5793,83,80,NA,92,22.9,3.821,2.6,NA,Lower middle income
Germany,DEU,EUR,41936.06,31.4,82667685,0.35,14.88,75.51,2.02,57.67,NA,236.94,5.73,99.3,100,9.57,8.1,20.8,100,14.01537,NA,98.6795,13.19748,63,87,NA,95,NA,13.479,8.2,NA,High income
Gibraltar,GIB,EUR,NA,NA,34408,6.54,34.35,100,0,NA,NA,3440.8,NA,NA,NA,NA,NA,NA,100,NA,NA,NA,NA,NA,NA,NA,NA,NA,NA,NA,NA,High income
Greece,GRC,EUR,18103.97,35.8,10746740,-2.48,11.34,78.33,3.5,39.39,NA,83.37,36.19,99.2,100,28.35,4.5,17.3,100,13.48711,NA,96.28168,34.86416,NA,90,NA,99,NA,3.44,NA,NA,High income
Greenland,GRL,EUR,39569.11,NA,56186,-1.04,10.69,86.81,3.64,NA,NA,0.14,NA,100,100,NA,164,0.3,100,5.330841,NA,NA,NA,68,87,NA,NA,NA,NA,NA,NA,High income
Hungary,HUN,EUR,12664.85,30.9,9817958,-2.52,4.56,71.67,4.81,51.21,NA,108.45,24.33,97.8,100,17.44,9.3,14.6,100,23.05838,NA,90.60597,26.59022,73,94,NA,99,10,6.568,7.2,NA,High income
Iceland,ISL,EUR,59976.94,25.6,334252,10.03,11.39,94.23,1.07,71.13,NA,3.33,NA,98.7,100,NA,2.4,NA,100,7.789033,NA,99.05151,17.47512,89,87,NA,91,NA,16.353,3.2,NA,High income
Ireland,IRL,EUR,61606.48,31.9,4773095,11.69,15.92,63.54,2.78,54.88,NA,69.29,39.07,89.1,97.9,24.82,7.2,18.6,100,9.799826,NA,95.03199,17.66427,56,87,NA,95,NA,12.398,2.9,NA,High income
Isle of Man,IMN,EUR,89941.64,NA,83737,8.87,51.52,52.28,0.36,NA,NA,146.91,NA,NA,NA,NA,NA,34.1,100,NA,NA,NA,NA,NA,NA,NA,NA,NA,2.273019,NA,NA,High income
Israel,ISR,EUR,37292.61,41.4,8547100,21.17,24.95,92.21,0.63,60.25,NA,394.97,46.46,100,100,55.76,4,14.8,100,21.09447,NA,97.20388,26.98297,89,87,NA,94,NA,5.264,3.3,NA,High income
Italy,ITA,EUR,30527.27,34.7,60600590,4.23,9.68,69.12,1.26,42.71,NA,206.03,8.92,99.5,100,17.84,5.8,NA,100,19.86123,NA,97.19497,21.18616,NA,100,NA,93,NA,6.475,3.4,NA,High income
Kazakhstan,KAZ,EUR,7510.077,26.5,17797032,16.26,20.12,53.23,-1.29,67.71,NA,6.59,16.2,97,99.4,8.62,89,NA,100,19.67,1.3,87.3821,45.13577,90,89,54,82,12.6,7.991,7.2,81.2,Upper middle income
Kosovo,XKX,EUR,3661.43,26.7,1816200,5.62,NA,NA,0,NA,NA,166.82,NA,NA,NA,NA,NA,15.5,NA,NA,NA,NA,NA,NA,NA,NA,NA,NA,NA,NA,NA,Lower middle income
Kyrgyz Republic,KGZ,EUR,1077.036,29,6082700,16.56,3.44,35.85,0.56,58.24,NA,31.71,40.07,89.1,96.7,NA,144,NA,99.9,16.92167,29.3,89.31618,39.40231,84,82,67.2,96,49.1,5.959,4.8,59.7,Lower middle income
Latvia,LVA,EUR,14118.06,35.1,1960424,-11.63,13.35,67.36,-0.61,54.49,NA,31.53,46.38,90.8,99.8,NA,41,NA,100,20.41799,NA,96.09931,35.13404,83,87,NA,98,20.1,5.032,5.9,NA,High income
Liechtenstein,LIE,EUR,179478.6,NA,37666,7.33,62.6,14.28,-0.4,NA,NA,235.41,NA,NA,NA,NA,NA,NA,100,NA,NA,94.30104,NA,NA,NA,NA,NA,NA,NA,NA,NA,High income
Lithuania,LTU,EUR,14879.68,37.7,2872298,-12.16,4.73,66.51,-0.19,53.87,NA,45.85,26.96,97.2,99.7,NA,56,18.2,100,19.06499,NA,97.81403,31.26519,81,87,NA,94,9.8,7.951,7,NA,High income
Luxembourg,LUX,EUR,102831.3,31.2,582972,23.34,43.96,90.43,3.42,55.45,NA,225.09,NA,97.5,100,NA,6.1,NA,100,16.58785,NA,92.96639,10.60253,NA,87,NA,99,NA,12.326,5.4,NA,High income
"Macedonia, FYR",MKD,EUR,5237.148,35.6,2081206,0.88,6.29,57.2,-0.17,40.9,NA,82.52,42.34,97.2,99.8,NA,13,15.3,100,40.4789,NA,91.05736,36.66967,87,100,66.6,95,4.2,4.211,4.5,NA,Upper middle income
Malta,MLT,EUR,25058.17,NA,436947,7.81,9.9,95.53,1.65,49.59,NA,1365.46,NA,100,100,NA,8.8,13,100,15.67337,NA,98.4465,28.85806,76,87,NA,97,NA,8.668,4.8,NA,High income
Moldova,MDA,EUR,1900.201,27,3552000,-0.93,3.51,45.09,-0.12,40.22,NA,123.56,45.58,87.8,96.9,NA,152,NA,100,20.55436,8.2,86.85478,38.38944,79,58,54.7,89,30.4,5.312,6.2,80.2,Lower middle income
Monaco,MCO,EUR,162009.9,NA,38499,11.89,55.77,100,0,NA,NA,19249.5,NA,100,100,NA,0,29.3,100,NA,NA,NA,7,100,NA,NA,99,NA,19.988,13.8,NA,High income
Montenegro,MNE,EUR,6701,31.9,622781,1.26,13.19,64.22,1.84,40.25,NA,46.3,NA,98,100,NA,21,NA,100,23.35266,7.9,92.89657,42.84491,89,62,NA,89,NA,5.347,4,NA,Upper middle income
Netherlands,NLD,EUR,45294.78,28.6,17018408,4.11,11.7,91.03,7.4,59.67,NA,505.15,7.09,97.5,100,6.46,5.8,NA,100,14.63752,NA,98.30618,5.221344,85,87,NA,95,NA,NA,NA,NA,High income
Norway,NOR,EUR,70812.48,26.8,5232929,12.28,14.24,80.73,2.85,61.66,NA,14.33,23.73,98,100,NA,6.3,NA,100,9.076338,NA,99.78458,13.60864,84,87,NA,96,NA,17.406,3.3,NA,High income
Poland,POL,EUR,12372.42,32.1,37948016,-0.51,1.6,60.53,-0.81,53.25,NA,123.94,7.52,97.5,99.3,4.55,19,NA,100,24.28188,NA,96.41781,23.4594,58,87,NA,98,2.3,5.737,6.5,NA,High income
Portugal,PRT,EUR,19813.31,35.6,10324611,-1.88,8.09,64.02,5.88,51.84,NA,112.71,43.9,99.6,100,40.73,23,NA,100,9.760644,NA,97.8249,26.84162,72,87,NA,98,NA,6.377,3.4,NA,High income
Romania,ROU,EUR,9474.131,27.5,19705301,-7.02,1.16,54.75,1.44,52.13,NA,85.65,17.29,92.2,100,9.47,84,26.1,100,19.57866,NA,86.8692,18.87094,85,87,NA,89,11.4,6.24,6.1,NA,Upper middle income
Russian Federation,RUS,EUR,8748.365,37.7,144000000,0.9,8.12,74.1,0.59,59.72,NA,8.81,11.46,77,98.9,20.91,80,NA,100,16.63375,NA,96.53101,45.84544,69,87,NA,97,11.5,4.572,NA,NA,Upper middle income
San Marino,SMR,EUR,NA,NA,33203,12.12,14.84,94.22,0.19,NA,NA,553.38,NA,NA,NA,NA,2.5,NA,100,NA,NA,92.70895,5.822262,NA,NA,NA,66,NA,8.546,3.8,NA,High income
Serbia,SRB,EUR,5348.294,29.1,7057412,-4.78,9.12,55.67,0.88,42.92,NA,80.69,30.1,98.2,99.4,16.76,21,NA,100,21.43665,NA,96.30226,36.58918,81,88,59.7,92,13.7,5.043,NA,89.7,Upper middle income
Slovak Republic,SVK,EUR,16495.99,26.1,5428704,1.04,3.27,53.47,-1.94,53.49,NA,112.9,13.72,99.4,100,NA,6.5,NA,100,20.52367,NA,NA,22.53609,88,87,NA,96,3.6,6.078,6,NA,High income
Slovenia,SVN,EUR,21304.57,25.7,2064845,2.89,11.41,49.63,-0.78,52.26,NA,102.52,NA,99.1,99.7,NA,7.2,22.1,100,20.34996,NA,97.73995,12.06582,77,87,NA,94,NA,8.611,4.552046,NA,High income
Spain,ESP,EUR,26528.49,36,46443959,4.61,12.69,79.8,2.3,46.88,NA,92.85,16.9,99.8,100,24.92,12,NA,100,9.738283,NA,99.42125,23.995,58,73,NA,97,NA,5.358,3.1,NA,High income
Sweden,SWE,EUR,51599.87,27.2,9903122,9.06,16.77,85.96,1.53,59.88,NA,24.31,17.71,99.3,100,15.22,9.2,26.5,100,6.24138,NA,99.37306,14.06426,88,87,NA,98,NA,11.892,2.7,NA,High income
Switzerland,CHE,EUR,78812.65,32.5,8372098,11.87,29.39,73.99,0.48,65.38,NA,211.87,20.33,99.9,100,15.04,7.4,33.1,100,12.89019,NA,93.31632,26.8,NA,87,NA,97,NA,17.813,5,NA,High income
Tajikistan,TJK,EUR,795.8439,34,8734951,24.78,3.24,26.89,0.44,61.23,NA,62.94,35.97,93.8,93.1,NA,87,NA,100,50.02908,23.2,97.72782,61.69458,89,80,60.8,96,33.3,4.729,5.5,62.7,Lower middle income
Turkmenistan,TKM,EUR,6389.334,NA,5662544,17.72,3.65,50.4,3.1,56.71,NA,12.05,26.52,NA,NA,NA,70,NA,100,31.29449,NA,NA,34.77123,72,76,NA,98,6.9,4.56,4,NA,Upper middle income
Ukraine,UKR,EUR,2185.728,25.5,45004645,-3.81,10.79,69.92,1.95,53.89,NA,77.69,9.43,97.4,95.5,12.03,91,31.2,100,18.87844,NA,96.17551,46.21547,72,74,69.3,19,12.5,6.677,9,92.3,Lower middle income
United Kingdom,GBR,EUR,39899.39,34.1,65637239,7.87,13.2,82.84,2.64,59.62,NA,271.31,19.19,99.1,100,28.65,10,28.5,100,12.41225,NA,99.85433,9.73311,81,89,NA,94,NA,8.436,2.9,NA,High income
Uzbekistan,UZB,EUR,2110.648,NA,31848200,20.24,3.92,36.48,-0.05,56.47,NA,74.87,19.49,100,98.5,7.11,79,NA,100,39.67064,NA,94.69494,43.93235,87,69,NA,99,20.2,11.647,4.4,NA,Lower middle income
Swaziland,SWZ,AFR,2775.154,NA,1343098,19.86,2.45,21.32,-0.6,39.04,32.7,78.09,NA,63.1,93.6,NA,565,NA,100,21.60861,NA,79.6157,10.28669,78,59,46.4,90,NA,NA,2.1,59.6,Lower middle income
Syrian Arab Republic,SYR,EMR,NA,NA,18430453,-2.56,4.73,58.06,3.91,35.69,19.3,100.37,34.03,96.2,92.3,50.02,20,NA,100,41.56628,NA,66.66408,53.69023,70,80,NA,42,NA,2.302,1.5,NA,Lower middle income
Tanzania,TZA,AFR,879.1938,37.8,55572201,36.76,0.49,32.32,6.84,76.48,50.7,62.74,30.12,31.3,77.2,9.73,306,24.4,41.15561,23.31612,15.5,80.09053,23.21186,90,37,45.5,97,530,0.428,0.7,55.4,Low income
Thailand,THA,SEA,5907.913,37.8,68863514,4.62,5.76,51.54,12.74,70.76,25,134.79,26.61,89.9,97.6,16.59,172,NA,100,26.35272,7.7,90.75587,11.923,80,53,52.7,99,NA,2.08,2.1,83.3,Upper middle income
Togo,TGO,AFR,578.4617,43,7606374,30.3,3.79,40.46,4.81,75.38,51.2,139.85,32,24.7,91.4,NA,52,NA,83.2,32.67724,35.9,95.43129,46.24472,88,69,33.4,89,401,0.274,0.7,48.5,Low income
Tunisia,TUN,EMR,3688.646,NA,11403248,11.84,0.5,67.05,1.78,40.63,8,73.4,26.29,97.4,100,17.63,37,NA,99.89386,44.79266,NA,98.56518,37.72782,91,80,48.4,98,NA,3.189,2.1,59.5,Lower middle income
Bhutan,BTN,SEA,2804,38.8,797765,18.67,6.6,39.38,7.67,65.18,NA,20.93,NA,77.9,100,NA,155,NA,100,55.72363,1.8,85.5824,25.33316,90,80,61.6,98,86,1.081,1.8,74.2,Lower middle income
"Korea, Dem. Peopleâ€™s Rep.",PRK,SEA,NA,NA,25368620,5.43,0.19,61.05,1.16,76.12,NA,210.69,18.54,87.9,99.9,11.32,561,NA,NA,34.08883,NA,74.06854,NA,91,80,NA,96,NA,4.091,13.2,NA,Low income
Maldives,MDV,SEA,8601.632,NA,417492,25.37,25.87,46.54,11.51,66.09,NA,1391.64,NA,97.5,99.5,NA,53,31.1,100,29.05614,NA,94.79558,18.261,37,80,NA,99,NA,5.617,NA,NA,Upper middle income
Sri Lanka,LKA,SEA,3835.395,39.2,21203000,8.62,0.19,18.41,0.04,49.08,NA,338.11,18.18,88.1,98.5,NA,65,NA,97.76402,27.92362,2.1,98.93746,42.09217,84,69,NA,99,31.1,1.751,3.6,NA,Lower middle income
Timor-Leste,TLS,SEA,1161.761,NA,1268671,20.98,0.91,33.4,6.47,39.71,NA,85.32,NA,69,95.2,NA,498,NA,63.03563,18.89846,NA,95.59233,9.566468,84,57,62.7,85,557,1.191,5.9,70.9,Lower middle income
Turkey,TUR,EUR,10787.61,41.2,79512426,15.63,3.77,73.89,5.51,45.08,11.9,103.31,24.45,98.3,100,37.8,18,30.8,100,36.40912,0.6,94.13807,17.75092,87,87,NA,98,NA,2.519,2.5,NA,Upper middle income
Uganda,UGA,AFR,615.3088,41,41487965,40.4,1.92,16.44,3.13,83.05,53.6,206.9,29.49,28.5,95.5,4.85,202,NA,51.4,60.30064,9.6,93.65028,40.95789,75,53,36.3,78,432,1.306,0.5,NA,Low income
Vietnam,VNM,WPR,2185.69,34.8,92701100,11.27,0.08,34.24,6.35,76.73,27.2,298.97,23.63,94.4,99.1,14.71,137,20.9,99.9,28.25166,3.8,97.96511,36.75884,91,79,57.8,96,67,1.226,2,81.1,Lower middle income
"Yemen, Rep.",YEM,EMR,990.3348,36.7,27584213,30.36,1.28,35.19,5.7,41.3,60.8,52.25,31.88,92.5,72,11.22,48,35.9,97.35089,52.82895,NA,84.83733,76.41698,86,60,39.7,71,150,0.757,0.7,34,Lower middle income
Zambia,ZMB,AFR,1178.388,57.1,16591390,33.98,0.79,41.38,4.35,69.65,54,22.32,33.29,55.6,85.6,13.77,391,7.7,61.5,26.74665,NA,87.40411,29.99488,85,58,56.2,91,398,0.714,2,69.7,Lower middle income
Zimbabwe,ZWE,AFR,1008.597,43.2,16150362,23.06,2.56,32.28,-1.65,78.32,25.1,41.75,28.99,49.3,97,9.36,242,23.2,83.4,22.86952,46.5,85.86239,35.94064,81,72,51,90,651,1.194,1.7,50.9,Low income
American Samoa,ASM,WPR,11541.85,NA,55599,-5.2,41.8,87.15,-0.85,NA,NA,278,NA,62.5,100,NA,8.3,NA,NA,3.732036,NA,NA,NA,100,87,NA,NA,NA,NA,NA,NA,Upper middle income
Australia,AUS,WPR,49927.82,NA,24127159,16.57,28.22,89.55,1.4,60.89,NA,3.14,21.01,100,100,58.84,6,45.2,100,5.897735,NA,97.03283,18.8152,79,87,NA,94,NA,12.344,3.9,NA,High income
Brunei Darussalam,BRN,WPR,26938.5,NA,423196,14.3,24.28,77.51,3.57,62.09,NA,80.3,NA,NA,NA,NA,58,NA,100,5.147459,NA,NA,6.00644,65,87,NA,99,NA,8.195,2.8,NA,High income
Fiji,FJI,WPR,5153.352,36.4,898760,8.62,1.54,54.1,3.84,49.99,NA,49.19,NA,93.4,99.5,NA,51,NA,100,7.870697,NA,97.64403,22.99607,87,80,NA,99,59.47,2.242,NA,NA,Upper middle income
French Polynesia,PYF,WPR,NA,NA,280208,8.68,10.63,55.8,-0.82,45.17,NA,76.56,NA,98.5,100,NA,19,NA,100,NA,NA,NA,NA,76,87,NA,NA,NA,NA,NA,NA,High income
Guam,GUM,WPR,35439.47,NA,162896,2.68,44.79,94.59,0.87,55.32,NA,301.66,NA,89.8,99.5,NA,51,0.6,100,7.393454,NA,NA,NA,89,87,NA,NA,NA,NA,NA,NA,High income
"Hong Kong SAR, China",HKG,WPR,43681.14,NA,7346700,7.14,38.95,100,0,57.93,NA,6996.86,100,NA,NA,100,71,24.8,100,NA,NA,NA,NA,67,87,NA,NA,NA,NA,NA,NA,High income
Japan,JPN,WPR,38894.47,NA,127000000,-0.67,1.61,93.93,6.87,57.23,NA,348.35,31.97,100,100,65.92,17,15.5,100,13.33416,NA,99.95001,13.91122,53,87,NA,99,NA,10.797,NA,NA,High income
Kiribati,KIR,WPR,1449.058,NA,114395,21.36,2.8,44.45,0.88,NA,NA,141.23,NA,51.2,87.3,NA,551,9.6,80.77884,3.446646,NA,95.21327,0.103613,87,80,NA,81,33,4.616,1.3,NA,Lower middle income
"Korea, Rep.",KOR,WPR,27538.81,31.6,51245707,5.8,2.64,82.59,1.06,58.61,NA,525.7,23.1,100,99.7,47.4,80,NA,100,28.66424,NA,98.20743,36.08683,81,94,NA,98,NA,5.67,NA,NA,High income
"Macao SAR, China",MAC,WPR,73186.96,NA,612167,24.09,58.32,100,0,69.03,NA,20203.53,96.9,NA,NA,NA,72,10.1,100,NA,NA,95.00786,NA,86,87,NA,NA,NA,NA,NA,NA,High income
Malaysia,MYS,WPR,9502.568,NA,31187265,19.29,8.29,75.37,7.89,61.26,NA,94.92,29.98,96.1,100,22.6,89,NA,100,15.55641,0.3,98.09168,35.30071,78,87,NA,98,25.2,3.397,1.9,NA,Upper middle income
Marshall Islands,MHL,WPR,3448.536,NA,53066,1.9,6.2,72.94,2.74,NA,NA,294.81,NA,84.5,93.5,NA,344,NA,93.59508,11.91659,NA,77.33046,11.79009,86,76,NA,71,110,3.551,2.7,NA,Upper middle income
"Micronesia, Fed. Sts.",FSM,WPR,3068.508,40.1,104937,-0.71,2.64,22.48,0.16,NA,NA,149.91,NA,85.1,94.8,NA,124,NA,56.81826,8.058594,NA,84.00333,9.060111,94,80,NA,69,160,3.319,NA,NA,Lower middle income
Nauru,NRU,WPR,7821.299,NA,13049,29.19,31.09,100,0,NA,NA,652.45,NA,65.6,96.5,NA,113,NA,NA,NA,NA,86.42715,1.79963,100,87,NA,91,0,NA,5,NA,Upper middle income
New Caledonia,NCL,WPR,NA,NA,278000,18.3,24.43,70.74,6.1,47.89,NA,15.21,NA,100,98.5,NA,24,NA,100,NA,NA,NA,NA,20,87,NA,NA,NA,NA,NA,NA,High income
New Zealand,NZL,WPR,39426.62,NA,4692700,12.14,22.96,86.32,0.24,63.87,NA,17.82,33.58,NA,100,28.99,7.4,NA,100,5.546611,NA,99.08248,11.04481,82,87,NA,92,NA,10.718,2.3,NA,High income
Northern Mariana Islands,MNP,WPR,16819.91,NA,55023,-10.8,39.31,89.21,-0.53,NA,NA,119.62,NA,79.7,97.5,NA,58,3.8,100,11.89637,NA,NA,NA,62,87,NA,NA,NA,NA,NA,NA,High income
Palau,PLW,WPR,13626.01,NA,21503,7.45,26.6,87.64,8.62,NA,NA,46.75,NA,100,97,NA,76,NA,100,NA,NA,80.01433,15.3536,57,87,NA,98,0,5.862,4.8,NA,High income
Papua New Guinea,PNG,WPR,2182.717,NA,8084991,24.96,0.34,13.04,-0.05,68.63,NA,17.85,33.45,56.4,88,NA,432,NA,76.35489,13.85807,NA,86.01087,10.46107,70,80,NA,72,NA,0.532,NA,NA,Lower middle income
Samoa,WSM,WPR,4027.761,NA,195125,7.75,2.55,18.96,-2.03,38.23,NA,68.95,NA,93.3,97.5,NA,11,NA,99.4,3.807435,NA,95.95162,5.884899,78,87,59,62,NA,1.851,NA,77.8,Upper middle income
Singapore,SGP,WPR,52960.71,NA,5607283,27.4,45.39,100,0,65.73,NA,7908.72,100,100,100,100,44,NA,100,18.73785,NA,NA,54.82868,78,87,NA,97,NA,5.649,2,NA,High income
Solomon Islands,SLB,WPR,2005.484,37,599419,24.51,0.44,22.78,4.52,46.18,NA,21.42,NA,81.4,93.2,NA,89,NA,39.35525,6.57933,NA,70.54706,4.608856,91,80,NA,99,NA,2.053,1.3,NA,Lower middle income
Tonga,TON,WPR,3688.875,NA,107122,5.34,5.4,23.8,0.62,60.18,NA,148.78,NA,97.6,99.7,NA,15,NA,100,4.025835,NA,88.23308,11.93527,100,87,NA,78,36.4,3.848,2.6,NA,Upper middle income
Tuvalu,TUV,WPR,3083.615,NA,11097,9.47,1.42,60.62,9.9,NA,NA,369.9,NA,86.3,98.3,NA,232,46.5,99.44065,NA,24.8,84.40111,0.797483,47,87,NA,94,NA,5.818,NA,NA,Upper middle income
Vanuatu,VUT,WPR,2860.566,NA,270402,25.98,1.2,26.44,3.05,67.22,NA,22.18,NA,65.1,98.9,NA,63,NA,100,8.524103,NA,85.81376,5.788196,87,82,40.6,64,NA,2.218,NA,72.1,Lower middle income
